﻿Designator,Footprint,Quantity,Value,LCSC Part #
"D1_12, D1_11, D1_10, D1_9, D1_8, D1_7, D1_6, D1_5, D1_4, D1_3, D1_2, D1",0603,12,LED RED,C2286
"J1_12, J1_11, J1_10, J1_9, J1_8, J1_7, J1_6, J1_5, J1_4, J1_3, J1_2, J1",PinHeader_1x03_P2.54mm_Vertical,12,HEADER MALE RA,
"KiKit_MB_10_1, KiKit_MB_10_2, KiKit_MB_10_3, KiKit_MB_10_4, KiKit_MB_10_5, KiKit_MB_10_6, KiKit_MB_10_7, KiKit_MB_11_1, KiKit_MB_11_2, KiKit_MB_11_3, KiKit_MB_11_4, KiKit_MB_11_5, KiKit_MB_11_6, KiKit_MB_11_7, KiKit_MB_12_1, KiKit_MB_12_2, KiKit_MB_12_3, KiKit_MB_12_4, KiKit_MB_12_5, KiKit_MB_12_6, KiKit_MB_12_7, KiKit_MB_13_1, KiKit_MB_13_2, KiKit_MB_13_3, KiKit_MB_13_4, KiKit_MB_13_5, KiKit_MB_13_6, KiKit_MB_13_7, KiKit_MB_14_1, KiKit_MB_14_2, KiKit_MB_14_3, KiKit_MB_14_4, KiKit_MB_14_5, KiKit_MB_14_6, KiKit_MB_14_7, KiKit_MB_15_1, KiKit_MB_15_2, KiKit_MB_15_3, KiKit_MB_15_4, KiKit_MB_15_5, KiKit_MB_15_6, KiKit_MB_15_7, KiKit_MB_16_1, KiKit_MB_16_2, KiKit_MB_16_3, KiKit_MB_16_4, KiKit_MB_16_5, KiKit_MB_16_6, KiKit_MB_16_7, KiKit_MB_17_1, KiKit_MB_17_2, KiKit_MB_17_3, KiKit_MB_17_4, KiKit_MB_17_5, KiKit_MB_17_6, KiKit_MB_17_7, KiKit_MB_18_1, KiKit_MB_18_2, KiKit_MB_18_3, KiKit_MB_18_4, KiKit_MB_18_5, KiKit_MB_18_6, KiKit_MB_18_7, KiKit_MB_19_1, KiKit_MB_19_2, KiKit_MB_19_3, KiKit_MB_19_4, KiKit_MB_19_5, KiKit_MB_19_6, KiKit_MB_19_7, KiKit_MB_1_1, KiKit_MB_1_2, KiKit_MB_1_3, KiKit_MB_1_4, KiKit_MB_1_5, KiKit_MB_1_6, KiKit_MB_1_7, KiKit_MB_20_1, KiKit_MB_20_2, KiKit_MB_20_3, KiKit_MB_20_4, KiKit_MB_20_5, KiKit_MB_20_6, KiKit_MB_20_7, KiKit_MB_21_1, KiKit_MB_21_2, KiKit_MB_21_3, KiKit_MB_21_4, KiKit_MB_21_5, KiKit_MB_21_6, KiKit_MB_21_7, KiKit_MB_22_1, KiKit_MB_22_2, KiKit_MB_22_3, KiKit_MB_22_4, KiKit_MB_22_5, KiKit_MB_22_6, KiKit_MB_22_7, KiKit_MB_23_1, KiKit_MB_23_2, KiKit_MB_23_3, KiKit_MB_23_4, KiKit_MB_23_5, KiKit_MB_23_6, KiKit_MB_23_7, KiKit_MB_24_1, KiKit_MB_24_2, KiKit_MB_24_3, KiKit_MB_24_4, KiKit_MB_24_5, KiKit_MB_24_6, KiKit_MB_24_7, KiKit_MB_25_1, KiKit_MB_25_2, KiKit_MB_25_3, KiKit_MB_25_4, KiKit_MB_25_5, KiKit_MB_25_6, KiKit_MB_25_7, KiKit_MB_26_1, KiKit_MB_26_2, KiKit_MB_26_3, KiKit_MB_26_4, KiKit_MB_26_5, KiKit_MB_26_6, KiKit_MB_26_7, KiKit_MB_27_1, KiKit_MB_27_2, KiKit_MB_27_3, KiKit_MB_27_4, KiKit_MB_27_5, KiKit_MB_27_6, KiKit_MB_27_7, KiKit_MB_28_1, KiKit_MB_28_2, KiKit_MB_28_3, KiKit_MB_28_4, KiKit_MB_28_5, KiKit_MB_28_6, KiKit_MB_28_7, KiKit_MB_29_1, KiKit_MB_29_2, KiKit_MB_29_3, KiKit_MB_29_4, KiKit_MB_29_5, KiKit_MB_29_6, KiKit_MB_29_7, KiKit_MB_2_1, KiKit_MB_2_2, KiKit_MB_2_3, KiKit_MB_2_4, KiKit_MB_2_5, KiKit_MB_2_6, KiKit_MB_2_7, KiKit_MB_30_1, KiKit_MB_30_2, KiKit_MB_30_3, KiKit_MB_30_4, KiKit_MB_30_5, KiKit_MB_30_6, KiKit_MB_30_7, KiKit_MB_31_1, KiKit_MB_31_2, KiKit_MB_31_3, KiKit_MB_31_4, KiKit_MB_31_5, KiKit_MB_31_6, KiKit_MB_31_7, KiKit_MB_32_1, KiKit_MB_32_2, KiKit_MB_32_3, KiKit_MB_32_4, KiKit_MB_32_5, KiKit_MB_32_6, KiKit_MB_32_7, KiKit_MB_33_1, KiKit_MB_33_2, KiKit_MB_33_3, KiKit_MB_33_4, KiKit_MB_33_5, KiKit_MB_33_6, KiKit_MB_33_7, KiKit_MB_34_1, KiKit_MB_34_2, KiKit_MB_34_3, KiKit_MB_34_4, KiKit_MB_34_5, KiKit_MB_34_6, KiKit_MB_34_7, KiKit_MB_35_1, KiKit_MB_35_2, KiKit_MB_35_3, KiKit_MB_35_4, KiKit_MB_35_5, KiKit_MB_35_6, KiKit_MB_35_7, KiKit_MB_36_1, KiKit_MB_36_2, KiKit_MB_36_3, KiKit_MB_36_4",NPTH,200,NPTH,
"KiKit_MB_36_5, KiKit_MB_36_6, KiKit_MB_36_7, KiKit_MB_37_1, KiKit_MB_37_2, KiKit_MB_37_3, KiKit_MB_37_4, KiKit_MB_37_5, KiKit_MB_37_6, KiKit_MB_37_7, KiKit_MB_38_1, KiKit_MB_38_2, KiKit_MB_38_3, KiKit_MB_38_4, KiKit_MB_38_5, KiKit_MB_38_6, KiKit_MB_38_7, KiKit_MB_39_1, KiKit_MB_39_2, KiKit_MB_39_3, KiKit_MB_39_4, KiKit_MB_39_5, KiKit_MB_39_6, KiKit_MB_39_7, KiKit_MB_3_1, KiKit_MB_3_2, KiKit_MB_3_3, KiKit_MB_3_4, KiKit_MB_3_5, KiKit_MB_3_6, KiKit_MB_3_7, KiKit_MB_40_1, KiKit_MB_40_2, KiKit_MB_40_3, KiKit_MB_40_4, KiKit_MB_40_5, KiKit_MB_40_6, KiKit_MB_40_7, KiKit_MB_41_1, KiKit_MB_41_2, KiKit_MB_41_3, KiKit_MB_41_4, KiKit_MB_41_5, KiKit_MB_41_6, KiKit_MB_41_7, KiKit_MB_42_1, KiKit_MB_42_2, KiKit_MB_42_3, KiKit_MB_42_4, KiKit_MB_42_5, KiKit_MB_42_6, KiKit_MB_42_7, KiKit_MB_43_1, KiKit_MB_43_2, KiKit_MB_43_3, KiKit_MB_43_4, KiKit_MB_43_5, KiKit_MB_43_6, KiKit_MB_43_7, KiKit_MB_44_1, KiKit_MB_44_2, KiKit_MB_44_3, KiKit_MB_44_4, KiKit_MB_44_5, KiKit_MB_44_6, KiKit_MB_44_7, KiKit_MB_45_1, KiKit_MB_45_2, KiKit_MB_45_3, KiKit_MB_45_4, KiKit_MB_45_5, KiKit_MB_45_6, KiKit_MB_45_7, KiKit_MB_46_1, KiKit_MB_46_2, KiKit_MB_46_3, KiKit_MB_46_4, KiKit_MB_46_5, KiKit_MB_46_6, KiKit_MB_46_7, KiKit_MB_47_1, KiKit_MB_47_2, KiKit_MB_47_3, KiKit_MB_47_4, KiKit_MB_47_5, KiKit_MB_47_6, KiKit_MB_47_7, KiKit_MB_48_1, KiKit_MB_48_2, KiKit_MB_48_3, KiKit_MB_48_4, KiKit_MB_48_5, KiKit_MB_48_6, KiKit_MB_48_7, KiKit_MB_49_1, KiKit_MB_49_2, KiKit_MB_49_3, KiKit_MB_49_4, KiKit_MB_49_5, KiKit_MB_49_6, KiKit_MB_49_7, KiKit_MB_4_1, KiKit_MB_4_2, KiKit_MB_4_3, KiKit_MB_4_4, KiKit_MB_4_5, KiKit_MB_4_6, KiKit_MB_4_7, KiKit_MB_50_1, KiKit_MB_50_2, KiKit_MB_50_3, KiKit_MB_50_4, KiKit_MB_50_5, KiKit_MB_50_6, KiKit_MB_50_7, KiKit_MB_51_1, KiKit_MB_51_2, KiKit_MB_51_3, KiKit_MB_51_4, KiKit_MB_51_5, KiKit_MB_51_6, KiKit_MB_51_7, KiKit_MB_52_1, KiKit_MB_52_2, KiKit_MB_52_3, KiKit_MB_52_4, KiKit_MB_52_5, KiKit_MB_52_6, KiKit_MB_52_7, KiKit_MB_5_1, KiKit_MB_5_2, KiKit_MB_5_3, KiKit_MB_5_4, KiKit_MB_5_5, KiKit_MB_5_6, KiKit_MB_5_7, KiKit_MB_6_1, KiKit_MB_6_2, KiKit_MB_6_3, KiKit_MB_6_4, KiKit_MB_6_5, KiKit_MB_6_6, KiKit_MB_6_7, KiKit_MB_7_1, KiKit_MB_7_2, KiKit_MB_7_3, KiKit_MB_7_4, KiKit_MB_7_5, KiKit_MB_7_6, KiKit_MB_7_7, KiKit_MB_8_1, KiKit_MB_8_2, KiKit_MB_8_3, KiKit_MB_8_4, KiKit_MB_8_5, KiKit_MB_8_6, KiKit_MB_8_7, KiKit_MB_9_1, KiKit_MB_9_2, KiKit_MB_9_3, KiKit_MB_9_4, KiKit_MB_9_5, KiKit_MB_9_6, KiKit_MB_9_7",NPTH,164,NPTH,
"R1_12, R1_11, R1_10, R1_9, R1_8, R1_7, R1_6, R1_5, R1_4, R1_3, R1_2, R1",0603,12,1k,C21190
"U1_12, U1_11, U1_10, U1_9, U1_8, U1_7, U1_6, U1_5, U1_4, U1_3, U1_2, U1",SOT-23W,12,HX6286,C495736
